{
  "hash": "877819a8",
  "configHash": "7d994a9d",
  "lockfileHash": "be1ef74c",
  "browserHash": "8f18c40d",
  "optimized": {
    "@angular/common": {
      "src": "../../../../../../node_modules/@angular/common/fesm2022/common.mjs",
      "file": "@angular_common.js",
      "fileHash": "b2cd9111",
      "needsInterop": false
    },
    "@angular/common/http": {
      "src": "../../../../../../node_modules/@angular/common/fesm2022/http.mjs",
      "file": "@angular_common_http.js",
      "fileHash": "ad675ffe",
      "needsInterop": false
    },
    "@angular/core": {
      "src": "../../../../../../node_modules/@angular/core/fesm2022/core.mjs",
      "file": "@angular_core.js",
      "fileHash": "e9735d81",
      "needsInterop": false
    },
    "@angular/forms": {
      "src": "../../../../../../node_modules/@angular/forms/fesm2022/forms.mjs",
      "file": "@angular_forms.js",
      "fileHash": "b05e98a1",
      "needsInterop": false
    },
    "@angular/platform-browser": {
      "src": "../../../../../../node_modules/@angular/platform-browser/fesm2022/platform-browser.mjs",
      "file": "@angular_platform-browser.js",
      "fileHash": "295b37e4",
      "needsInterop": false
    },
    "@angular/router": {
      "src": "../../../../../../node_modules/@angular/router/fesm2022/router.mjs",
      "file": "@angular_router.js",
      "fileHash": "2c4d2a30",
      "needsInterop": false
    },
    "angular-oauth2-oidc": {
      "src": "../../../../../../node_modules/angular-oauth2-oidc/fesm2022/angular-oauth2-oidc.mjs",
      "file": "angular-oauth2-oidc.js",
      "fileHash": "55dae937",
      "needsInterop": false
    }
  },
  "chunks": {
    "chunk-KZ3ZBNNF": {
      "file": "chunk-KZ3ZBNNF.js"
    },
    "chunk-6UZ7IHWO": {
      "file": "chunk-6UZ7IHWO.js"
    },
    "chunk-73VGU7VQ": {
      "file": "chunk-73VGU7VQ.js"
    },
    "chunk-W2WIUP6R": {
      "file": "chunk-W2WIUP6R.js"
    },
    "chunk-ZHTFBBEN": {
      "file": "chunk-ZHTFBBEN.js"
    }
  }
}